system:index,RTENAME,RTENO,Trend,meanslope
0_000000000000000011a9,BLY,69060,1985,-9.98E-04
0_00000000000000000c3c,ALMO,33226,1985,0.003897044387
0_00000000000000000228,EWAN,89039,1985,0.004939664301
0_00000000000000000f37,GLEN,53137,1985,0.003312096278
0_00000000000000000c2a,JOEL,33204,1985,0.003224610139
0_00000000000000000f35,LIMA,53097,1985,0.00270245
0_0000000000000000014d,LYNN,85024,1985,0.003320322265
0_00000000000000000250,MESA,89082,1985,0.004656759962
0_000000000000000011cf,RUCH,69226,1985,3.56E-04
0_00000000000000001195,SCIO,69034,1985,-0.003648286581
0_00000000000000000f23,SULA,53036,1985,0.003433831145
0_000000000000000011bd,TROY,69207,1985,0.003684461426
0_00000000000000001194,ADAIR,69033,1985,0.004826057207
0_0000000000000000117d,ALBEE,69006,1985,0.003975340276
0_00000000000000000f0e,ARLEE,53015,1985,0.0048852876
0_00000000000000000c0e,AVERY,33003,1985,-2.71E-04
0_00000000000000000c14,BAKER,33010,1985,0.002909891849
0_00000000000000000c38,BATES,33222,1985,0.003673400411
0_0000000000000000021a,CAMAS,89024,1985,-0.0042568104
0_000000000000000011b8,CANBY,69202,1985,-0.002969317516
0_00000000000000000c36,CAREY,33220,1985,0.004658313933
0_000000000000000011bb,CECIL,69205,1985,0.003892105899
0_000000000000000011cc,CRANE,69223,1985,0.003716531261
0_0000000000000000118f,DERBY,69027,1985,0.003354377556
0_0000000000000000117e,FLORA,69007,1985,0.003750988661
0_000000000000000011c7,GREEN,69218,1985,0.0015334818
0_00000000000000000247,INDEX,89073,1985,-7.91E-04
0_00000000000000000314,MOOSE,92036,1985,0.004250924543
0_00000000000000000f36,NOXON,53101,1985,0.00362943638
0_00000000000000000c1e,RIRIE,33022,1985,0.005261617368
0_000000000000000011da,SALEM,69237,1985,-0.001235156555
0_000000000000000011e7,SELMA,69250,1985,2.07E-05
0_0000000000000000020a,TWISP,89005,1985,0.004338538075
0_000000000000000011c4,UNITY,69214,1985,0.003226304109
0_000000000000000011a5,ADRIAN,69056,1985,0.00355416807
0_00000000000000000322,ALPINE,92051,1985,0.00387409831
0_00000000000000000219,ASOTIN,89023,1985,0.00345522354
0_00000000000000000c2e,COBALT,33209,1985,0.003166507742
0_00000000000000000c23,COOLIN,33029,1985,0.005029270108
0_00000000000000000214,COUGAR,89018,1985,-0.005659653322
0_00000000000000000233,CURLEW,89051,1985,0.001564033358
0_00000000000000000222,CUSICK,89032,1985,0.00452746288
0_00000000000000001198,DAYTON,69040,1985,0.004398878111
0_00000000000000000a87,DORRIS,14166,1985,0.004002224779
0_00000000000000000c18,DUBOIS,33015,1985,0.004175565632
0_000000000000000011a0,ELKTON,69050,1985,-0.00117223103
0_00000000000000000c13,GOLDEN,33008,1985,0.003725937593
0_00000000000000000229,ILWACO,89040,1985,-0.002976654788
0_0000000000000000117f,IMNAHA,69008,1985,0.00323790509
0_00000000000000001196,JOSEPH,69035,1985,0.002573932839
0_0000000000000000020c,KELLER,89007,1985,0.002572497505
0_000000000000000011e0,LORANE,69243,1985,-0.001348942871
0_000000000000000011c1,MADRAS,69211,1985,-0.003589077395
0_0000000000000000023a,MALDEN,89058,1985,0.004418242692
0_00000000000000000242,MAZAMA,89068,1985,7.43E-04
0_00000000000000000217,MERCER,89021,1985,0.00113760204
0_00000000000000000c0c,NAPLES,33001,1985,0.003764471396
0_000000000000000011c2,OCHOCO,69212,1985,0.003375105223
0_0000000000000000024a,ODESSA,89076,1985,0.003550747925
0_00000000000000000206,OZETTE,89001,1985,-0.005405026543
0_0000000000000000024c,PE ELL,89078,1985,-0.004642151979
0_00000000000000000c35,PICABO,33219,1985,0.003832006369
0_00000000000000000c2b,PIERCE,33205,1985,0.003007552627
0_00000000000000000f0d,POLSON,53014,1985,0.004999835945
0_00000000000000000226,QUINCY,89037,1985,0.004157195257
0_00000000000000000224,RONALD,89035,1985,0.002239480931
0_00000000000000001180,SALADO,69009,1985,-0.005019572658
0_00000000000000001197,SPARTA,69038,1985,0.003186554675
0_00000000000000001179,TIMBER,69001,1985,-3.69E-05
0_00000000000000001186,UMPQUA,69018,1985,0.005109403609
0_0000000000000000025e,VERLOT,89904,1985,-0.003957034242
0_00000000000000000f3a,VICTOR,53901,1985,0.003263272654
0_00000000000000000216,WAPATO,89020,1985,0.00261704254
0_00000000000000000227,WILBUR,89038,1985,0.004254941959
0_00000000000000000323,WILSON,92052,1985,0.003721628325
0_0000000000000000024f,YAKIMA,89081,1985,0.004173426825
0_00000000000000000c21,ACEQUIA,33026,1985,0.004682630561
0_00000000000000000f0f,AUGUSTA,53016,1985,0.005011273857
0_00000000000000001192,BLITZEN,69030,1985,0.001815465255
0_00000000000000000f1b,BOULDER,53028,1985,0.004391409371
0_00000000000000000f3d,BRADMAN,53904,1985,0.004029827188
0_00000000000000000231,CARLTON,89049,1985,-0.003078290951
0_00000000000000000c16,CHALLIS,33013,1985,0.002859415997
0_00000000000000000f19,CLINTON,53026,1985,0.003433250304
0_00000000000000000218,CONNELL,89022,1985,0.003186882356
0_00000000000000000c1c,CRATERS,33020,1985,0.003845419284
0_00000000000000000223,EVERETT,89034,1985,-0.00399635202
0_00000000000000000c0f,GIFFORD,33004,1985,0.004190013976
0_0000000000000000021e,GLACIER,89028,1985,-0.003494884628
0_000000000000000011af,GLASGOW,69117,1985,-0.003607722585
0_0000000000000000119f,GRANITE,69049,1985,0.003253082487
0_0000000000000000021d,KENDALL,89027,1985,-0.003969412637
0_00000000000000000244,LAURIER,89070,1985,-0.001480421533
0_00000000000000000c17,LEADORE,33014,1985,0.002727328739
0_00000000000000000a89,MACDOEL,14168,1985,0.003536643604
0_00000000000000000310,MAMMOTH,92030,1985,0.003803099554
0_00000000000000000264,MCCHORD,89910,1985,-0.004349313119
0_0000000000000000022b,MENDOTA,89042,1985,-0.002737071639
0_000000000000000011d1,MERRILL,69228,1985,0.003277425161
0_000000000000000011ba,MIKKALO,69204,1985,2.21E-05
0_00000000000000000c0d,MIVODEN,33002,1985,0.002574990607
0_000000000000000011ef,MOLALLA,69901,1985,-0.004328542597
0_0000000000000000119a,MT HOOD,69043,1985,-8.23E-04
0_0000000000000000023f,POMEROY,89065,1985,0.004105767039
0_00000000000000000c3e,PRESTON,33228,1985,0.004222619486
0_0000000000000000024d,RAINIER,89079,1985,0.001285647746
0_0000000000000000023b,RAYMOND,89059,1985,-0.004336586486
0_00000000000000000212,REARDAN,89016,1985,0.003887547475
0_00000000000000000215,RIMROCK,89019,1985,3.61E-04
0_000000000000000011f1,SANTIAM,69903,1985,-0.001872086167
0_000000000000000011e5,SILVIES,69248,1985,0.003200134647
0_000000000000000011db,SISTERS,69238,1985,-0.001655567348
0_0000000000000000021b,SNOWDEN,89025,1985,-0.002795804019
0_00000000000000000f02,ST MARY,53003,1985,-0.003315571386
0_00000000000000000258,SULPHUR,89164,1985,0.002252798479
0_00000000000000000c31,SUNBEAM,33213,1985,0.003242661487
0_0000000000000000020e,TAHOLAH,89009,1985,-0.00478452104
0_00000000000000001184,WICKIUP,69014,1985,0.002438242195
0_00000000000000000f18,WOODMAN,53025,1985,0.003797260532
0_000000000000000011f3,ZUMWALT,69905,1985,0.002886525863
0_00000000000000000240,BAY VIEW,89066,1985,0.001843085465
0_0000000000000000020b,BREWSTER,89006,1985,0.004366924466
0_0000000000000000118b,BUCHANAN,69023,1985,0.003223156941
0_00000000000000000c2d,BURGDORF,33208,1985,0.003540684952
0_00000000000000000c25,CABARTON,33111,1985,0.00258519389
0_00000000000000000f25,CHESTNUT,53039,1985,0.003042893041
0_0000000000000000020d,CHEWELAH,89008,1985,0.003347833893
0_000000000000000011c6,COQUILLE,69217,1985,-0.00465461631
0_000000000000000011e4,DONNELLY,69247,1985,0.003199156604
0_000000000000000011a2,ELK LAKE,69052,1985,0.001919682547
0_00000000000000000f1a,ELLISTON,53027,1985,0.00371218842
0_00000000000000001199,GARFIELD,69041,1985,-0.004360970779
0_00000000000000000238,HARTLINE,89056,1985,0.004249543235
0_00000000000000000f11,HIGHWOOD,53018,1985,0.0045820239
0_0000000000000000020f,KAMILCHE,89010,1985,-0.003781647459
0_00000000000000000239,KEYSTONE,89057,1985,0.004040965452
0_000000000000000011ea,LAKEVIEW,69253,1985,0.003836329932
0_0000000000000000119b,MONTAGUE,69044,1985,0.003892896068
0_000000000000000011dd,MONUMENT,69240,1985,0.00410669714
0_00000000000000000c37,MUD LAKE,33221,1985,1.62E-04
0_00000000000000000246,MUKILTEO,89072,1985,-0.003884543631
0_00000000000000000209,NEWHALEM,89004,1985,-0.004864757843
0_00000000000000000c10,NEZPERCE,33005,1985,0.003189759557
0_00000000000000000f2f,NINEMILE,53064,1985,0.001487387789
0_0000000000000000022c,PACKWOOD,89043,1985,-9.72E-04
0_0000000000000000023e,POTHOLES,89063,1985,0.006587944598
0_0000000000000000022e,PRESCOTT,89046,1985,0.004713270212
0_000000000000000011e8,PROSPECT,69251,1985,0.004763818309
0_00000000000000000f2d,RED ROCK,53047,1985,0.003104957352
0_00000000000000000f32,SKALKAHO,53076,1985,0.004044739861
0_00000000000000000c19,SQUIRREL,33016,1985,0.003401050836
0_00000000000000000f0c,ST REGIS,53013,1985,0.003243045154
0_00000000000000000220,TONASKET,89030,1985,0.004826268957
0_00000000000000000c1f,TRIANGLE,33023,1985,0.003161159505
0_0000000000000000117a,TUALATIN,69002,1985,-0.004586051301
0_000000000000000011ad,UMATILLA,69105,1985,0.002169181065
0_000000000000000011bf,WALDPORT,69209,1985,-0.004333381064
0_00000000000000001187,WINBERRY,69019,1985,-0.001592474907
0_0000000000000000021f,WINTHROP,89029,1985,0.003977112651
0_000000000000000011c3,BARNHOUSE,69213,1985,0.003496678559
0_0000000000000000021c,BICKLETON,89026,1985,0.003479514284
0_00000000000000000c15,CAPE HORN,33012,1985,0.003338569146
0_00000000000000000253,CARNATION,89111,1985,-0.00389756721
0_000000000000000011e9,CHINCHALO,69252,1985,0.002554180312
0_00000000000000001181,COOL CAMP,69010,1985,-2.86E-04
0_0000000000000000025f,DECEPTION,89905,1985,-0.004221618649
0_0000000000000000024b,DEER PARK,89077,1985,0.003757714507
0_00000000000000001182,DESCHUTES,69011,1985,9.52E-05
0_0000000000000000119c,EIGHTMILE,69045,1985,-0.003624856431
0_000000000000000011ab,FISH LAKE,69062,1985,9.01E-04
0_000000000000000011e1,FISH LAKE,69244,1985,0.001713506952
0_00000000000000000f3e,GREENOUGH,53905,1985,0.004442620174
0_000000000000000011ae,HASH ROCK,69112,1985,0.003238386637
0_00000000000000000ade,IRON GATE,14900,1985,0.002262202696
0_00000000000000000f01,KALISPELL,53002,1985,0.004897436144
0_00000000000000000f00,LIBBY DAM,53001,1985,0.002823527919
0_00000000000000000c11,LOLO PASS,33006,1985,0.002959919363
0_00000000000000000c20,MAGIC MTN,33025,1985,0.003777678157
0_00000000000000000255,MONTESAND,89133,1985,-0.003636418797
0_0000000000000000024e,MT. ADAMS,89080,1985,-5.79E-04
0_000000000000000011c5,NEWBRIDGE,69215,1985,0.002869922461
0_00000000000000000232,NIGHTHAWK,89050,1985,-5.67E-04
0_00000000000000000245,NORTHPORT,89071,1985,-0.001699395174
0_0000000000000000119d,PENDLETON,69046,1985,0.004978213433
0_00000000000000000c22,POCATELLO,33027,1985,0.002994250395
0_000000000000000011f2,SCAPPOOSE,69904,1985,-0.003868397259
0_000000000000000011e6,SHEAVILLE,69249,1985,0.003389025931
0_0000000000000000117b,SHELLROCK,69003,1985,2.09E-04
0_000000000000000011b1,SUMMIT PR,69136,1985,0.002797984291
0_0000000000000000118a,WAGONTIRE,69022,1985,-0.002157977505
0_00000000000000000259,WAITSBURG,89183,1985,0.004965776879
0_00000000000000000f2c,BEAVERHEAD,53046,1985,0.003411979795
0_000000000000000011d7,BLACK MTN.,69234,1985,0.003827969861
0_000000000000000011c0,BLUE RIVER,69210,1985,5.38E-04
0_00000000000000001185,BRIDGEPORT,69015,1985,0.003206592396
0_000000000000000011d4,CATLOW RIM,69231,1985,0.003945841896
0_00000000000000000c3b,CEDAR HILL,33225,1985,0.001758043722
0_000000000000000011a1,CLEARWATER,69051,1985,7.22E-04
0_00000000000000000252,CLOVERLAND,89084,1985,0.004233964341
0_0000000000000000118e,DAYS CREEK,69026,1985,0.003397808531
0_000000000000000011de,DESOLATION,69241,1985,0.003148256822
0_000000000000000011dc,DONNYBROOK,69239,1985,-0.001420272754
0_00000000000000000c39,DOUGAL RES,33223,1985,0.003358514321
0_0000000000000000022d,ELLENSBURG,89044,1985,0.003382551782
0_00000000000000000f31,FISH CREEK,53075,1985,0.003544220899
0_000000000000000011ca,GREEN MTN.,69221,1985,0.0013402251
0_00000000000000000211,HARRINGTON,89015,1985,0.004308193359
0_000000000000000011a6,HAZEL CAMP,69057,1985,-0.004762690546
0_00000000000000000c3a,HOT SPRING,33224,1985,-2.88E-04
0_00000000000000000f39,LOGAN PASS,53900,1985,0.001323601272
0_00000000000000000210,MOSES LAKE,89014,1985,0.005330437323
0_0000000000000000023d,MT RAINIER,89061,1985,-0.001057121173
0_00000000000000000243,OMAK CREEK,89069,1985,0.004352183701
0_00000000000000000f30,PABLO RES.,53074,1985,0.004399447939
0_000000000000000011f0,RILEY PEAK,69902,1985,-5.67E-04
0_000000000000000011a7,SECRET VAL,69058,1985,0.001659341244
0_0000000000000000022a,SOUTH ELMA,89041,1985,-0.003047433253
0_00000000000000000221,TWIN LAKES,89031,1985,0.00348501412
0_00000000000000000261,VASHON IS.,89907,1985,-0.004226743848
0_00000000000000000208,WARM BEACH,89003,1985,-0.001715117743
0_0000000000000000118d,WEDDERBURN,69025,1985,-0.003310231006
0_00000000000000000f34,WISE RIVER,53087,1985,0.003408803679
0_00000000000000001193,ALVORD LAKE,69031,1985,0.001664559559
0_00000000000000000c28,BLACKFT RES,33128,1985,0.003478051165
0_00000000000000000213,BUNKER HILL,89017,1985,1.14E-04
0_0000000000000000025c,CASCADE RIV,89902,1985,-0.004700545345
0_00000000000000000236,CEDAR FALLS,89054,1985,-0.004324366582
0_00000000000000000c1b,CENTERVILLE,33018,1985,0.003291531348
0_00000000000000000c2f,CRANE CREEK,33211,1985,0.003303886326
0_00000000000000000c3d,DANIELS RES,33227,1985,0.002595032244
0_00000000000000000a86,DAVIS CREEK,14165,1985,0.00359483429
0_00000000000000001188,DELL SPRING,69020,1985,0.002997023091
0_000000000000000011d8,EAGLE CREEK,69235,1985,0.003810184627
0_00000000000000000257,ECKLER MTN.,89147,1985,0.004283102743
0_000000000000000011a8,EMIGRANT LK,69059,1985,0.00384756979
0_00000000000000000c12,GRANGEVILLE,33007,1985,0.001720871562
0_00000000000000000f10,GREAT FALLS,53017,1985,0.004524308286
0_000000000000000011cb,HARNEY LAKE,69222,1985,0.002671236929
0_00000000000000000f91,HUMBOLDT NF,55902,1985,0.003365884321
0_00000000000000000f38,INSIDE ROAD,53800,1985,0.005320485639
0_00000000000000000150,JOHNSON CAN,85102,1985,0.003675868215
0_00000000000000000254,LAKE CHELAN,89113,1985,-0.004497129171
0_000000000000000011b2,LAPHAM RES.,69139,1985,0.003321084768
0_00000000000000000225,LEAVENWORTH,89036,1985,-7.37E-04
0_000000000000000011b5,MALHEUR NWR,69155,1985,9.22E-04
0_000000000000000011d6,MCMINNVILLE,69233,1985,0.003998486326
0_00000000000000001190,MODOC POINT,69028,1985,0.003579721884
0_00000000000000000c24,NEZPERCE NF,33109,1985,0.004132773854
0_0000000000000000025d,NO CASCADES,89903,1985,-0.00366079795
0_000000000000000011cd,QUARTZ MTN.,69224,1985,0.002694785256
0_000000000000000011b0,SAMS VALLEY,69127,1985,0.003246139866
0_000000000000000011ee,SANDY RIVER,69900,1985,-0.004072784534
0_00000000000000000c33,SILVER CITY,33217,1985,0.002974397947
0_0000000000000000022f,SPRING LAKE,89047,1985,0.004494177529
0_00000000000000000c1d,SPRINGFIELD,33021,1985,0.004778726081
0_00000000000000000234,SULLIVAN LK,89052,1985,0.002582994227
0_000000000000000011ed,THREE FORKS,69256,1985,0.005196918056
0_000000000000000011ec,TROUT CREEK,69255,1985,-2.76E-04
0_00000000000000000c3f,TWIN BUTTES,33901,1985,0.003832414797
0_00000000000000000251,WALLA WALLA,89083,1985,0.004012167952
0_000000000000000011c8,WARNER MTN.,69219,1985,-7.91E-04
0_00000000000000000230,WHITE CHUCK,89048,1985,-0.003668416257
0_00000000000000000c30,YELLOW PINE,33212,1985,0.003364010269
0_0000000000000000025b,ARID LAND ER,89901,1985,4.65E-04
0_000000000000000011b9,BADGER CREEK,69203,1985,0.003964567748
0_00000000000000000c1a,BLACKS CREEK,33017,1985,0.003215518825
0_00000000000000000237,BLEWETT PASS,89055,1985,8.19E-04
0_000000000000000011d5,BOWDEN HILLS,69232,1985,-0.001710096261
0_00000000000000000336,BUCKSKIN MTN,92072,1985,0.002912471338
0_000000000000000011a3,CLOVER CREEK,69053,1985,-0.002938066637
0_00000000000000000256,COLUMBIA NWR,89145,1985,0.003133591277
0_00000000000000000f3c,CRAMER CREEK,53903,1985,0.004126430164
0_000000000000000009f9,CRESCENT CTY,14004,1985,-0.007306484032
0_000000000000000011e3,CROOKED RIV.,69246,1985,-4.69E-04
0_00000000000000000ac1,CROWDER FLAT,14407,1985,0.00313028947
0_00000000000000000263,E. MT. ADAMS,89909,1985,0.001420037004
0_00000000000000000f3f,ELEVATION MT,53906,1985,0.003723910203
0_00000000000000001189,FANDANGO CAN,69021,1985,0.002383550028
0_00000000000000000c34,FEATHERVILLE,33218,1985,0.003660835739
0_0000000000000000025a,HANFORD SITE,89900,1985,0.001582974914
0_000000000000000011be,HELLS CANYON,69208,1985,0.001853322453
0_000000000000000011bc,HOWARD MDWS.,69206,1985,0.00406084424
0_00000000000000000235,HURRICANE RG,89053,1985,-0.002993601285
0_00000000000000000c32,IRON SPRINGS,33214,1985,0.003069087315
0_000000000000000011d9,KLICKITAT MT,69236,1985,-0.003605155993
0_00000000000000000262,L PEND O NWR,89908,1985,0.003373420718
0_00000000000000000248,L. WENATCHEE,89074,1985,-8.39E-04
0_000000000000000011df,MALHEUR RES.,69242,1985,0.003136961496
0_00000000000000000c29,MARBLE CREEK,33202,1985,0.002492161794
0_00000000000000000249,MOSES COULEE,89075,1985,0.003961045218
0_0000000000000000119e,MOUNT VERNON,69048,1985,0.003466682192
0_0000000000000000023c,MT ST HELENS,89060,1985,-0.003102528954
0_000000000000000011ce,MYRTLE GROVE,69225,1985,-0.002857516125
0_00000000000000000c44,N FORK CDA R,33906,1985,0.002881034409
0_000000000000000011b3,NICOLAI MTN.,69142,1985,-0.004078661592
0_00000000000000000f33,PAINTED ROCK,53086,1985,0.002909233438
0_00000000000000000c27,PASADENA VAL,33124,1985,0.003257981403
0_000000000000000011d2,PICTURE FLAT,69229,1985,0.003459894835
0_00000000000000000207,PORT ANGELES,89002,1985,-0.004113742152
0_00000000000000000f71,RANCHOGRANDE,55006,1985,0.003126311843
0_00000000000000000c45,ROCHAT DIVDE,33907,1985,0.004449667303
0_00000000000000000c2c,SALMON RIVER,33207,1985,0.003692182713
0_00000000000000000c26,SAWTOOTH CTY,33119,1985,0.003383412407
0_000000000000000011a4,SILVER CREEK,69054,1985,0.003817605485
0_00000000000000000241,SUIATTLE RIV,89067,1985,-0.005532500496
0_00000000000000000f2e,THOMPSON RIV,53063,1985,0.003298907509
0_00000000000000000f3b,THREEMILE WA,53902,1985,0.003819221641
0_00000000000000000c43,TRACTOR FLAT,33905,1985,0.002756535053
0_000000000000000011b7,TRASK SUMMIT,69201,1985,-0.002512813129
0_00000000000000000260,TURNBULL NWR,89906,1985,-0.003447704571
0_000000000000000011d0,WHISKEY SPG.,69227,1985,0.003133973175
0_00000000000000000f24,WILLOW CREEK,53038,1985,0.005255579702
0_000000000000000011b4,WIZARD FALLS,69147,1985,0.004326155787
0_0000000000000000017d,GOOSE CREEK MTN.,85301,1985,0.004206687125
0_0000000000000000037f,CRAIG,,1985,-0.001749981007
0_00000000000000000392,HYDER,,1985,-0.003953450646
0_000000000000000003c9,SITKA,,1985,-0.003723012669
0_0000000000000000038b,HAINES,,1985,-0.004152233482
0_00000000000000000390,HOONAH,,1985,-0.003597450081
0_00000000000000000393,JUNEAU,,1985,-0.003304453077
0_000000000000000003ca,SKAGWAY,,1985,-0.003524013146
0_000000000000000003df,YAKUTAT,,1985,-0.004227147883
0_000000000000000003e0,ZAREMBO,,1985,-0.0051489009
0_0000000000000000039d,KETCHIKAN,,1985,-0.001225073018
0_00000000000000000513,11-171 ???,,1985,-0.00586642293
0_00000000000000000394,JUNEAU ALT,,1985,-0.003709771913
0_000000000000000003bc,PETERSBURG,,1985,-0.004050534392
0_000000000000000003d5,THORNE BAY,,1985,-0.003625357592
0_000000000000000003dd,WHALE PASS,,1985,-0.004531643117
0_0000000000000000051c,11-204 WASA,,1985,-0.004668939078
0_000000000000000003a5,KUIU ISLAND,,1985,-0.004348108919
0_000000000000000003af,MITKOF ISLE,,1985,-0.004661692918
0_000000000000000004c0,11-004 TOKAY,,1985,-0.004321892294
0_000000000000000004c2,11-006 SALMO,,1985,-0.001717704354
0_00000000000000000373,CHICHAGOF IS,,1985,-0.004087097436
0_0000000000000000038d,HARLEQUIN L.,,1985,-0.004272924603
0_000000000000000003e1,ZIMOVIA STRT,,1985,-0.003012593426
0_000000000000000004c7,11-011 ALBION,,1985,-0.004211259819
0_000000000000000004d1,11-021 NICOLA,,1985,-0.001233846419
0_000000000000000004d7,11-029 GOLDEN,,1985,-0.002129356034
0_0000000000000000051b,11-202 NITNAT,,1985,-0.007756053272
0_0000000000000000051e,11-206 SLOCAN,,1985,-0.003225158418
0_00000000000000000558,11-408 OLIVER,,1985,0.003178288788
0_00000000000000000565,11-454 BOWRON,,1985,0.003618005242
0_0000000000000000056e,11-613 COOMBS,,1985,-0.004845367394
0_000000000000000003cf,STIKINE RIVER,,1985,-0.003486475608
0_0000000000000000045a,04-205 COLEMAN,,1985,0.003659598848
0_000000000000000004c3,11-007 NEEDLES,,1985,8.77E-04
0_000000000000000004c6,11-010 SEABIRD,,1985,-0.004014365911
0_000000000000000004c9,11-013 ALBERNI,,1985,-0.005205703694
0_000000000000000004cb,11-015 ELKFORD,,1985,0.004408738679
0_000000000000000004ce,11-018 ZINCTON,,1985,-0.003255321261
0_000000000000000004d2,11-022 CANFORD,,1985,-0.004740732895
0_000000000000000004df,11-042 GOSNELL,,1985,-0.003579730547
0_000000000000000004e6,11-053 MCBRIDE,,1985,0.003211671279
0_000000000000000004e7,11-054 WINGDAM,,1985,0.003224480109
0_000000000000000004ea,11-058 DUNSTER,,1985,0.003247154865
0_000000000000000004f1,11-071 LAKELSE,,1985,-0.00591890714
0_000000000000000004f7,11-081 KISPIOX,,1985,-0.004872642086
0_000000000000000004fd,11-101 Saltair,,1985,-0.004765991882
0_00000000000000000517,11-198 MASSETT,,1985,-0.003915323835
0_0000000000000000051d,11-205 CRESTON,,1985,0.004203814877
0_00000000000000000521,11-209 ASHNOLA,,1985,-0.001902859496
0_00000000000000000529,11-218 GERRARD,,1985,-0.00394396794
0_0000000000000000053d,11-256 PUNCHAW,,1985,0.005628626699
0_00000000000000000554,11-371 Kitimat,,1985,-0.007175411135
0_00000000000000000566,11-510 Chaumox,,1985,-0.003663878036
0_0000000000000000056b,11-609 BROMLEY,,1985,-0.003233845413
0_00000000000000000573,11-711 Mud Bay,,1985,-0.002741464178
0_00000000000000000937,93-314 KLUKSHU,,1985,-0.003646588279
0_000000000000000003e6,04-005 SENTINEL,,1985,0.003723382252
0_000000000000000004d3,11-023 SHALALTH,,1985,-0.002251223638
0_000000000000000004e8,11-055 FERNDALE,,1985,0.004464375433
0_000000000000000004f0,11-070 SMITHERS,,1985,-0.003867008004
0_000000000000000004f2,11-072 KWINITSA,,1985,-0.005897365029
0_000000000000000004fc,11-093 MEZIADIN,,1985,-0.00319810389
0_00000000000000000504,11-116 KOOTENAY,,1985,4.27E-04
0_0000000000000000051a,11-201 VICTORIA,,1985,-0.003384602555
0_0000000000000000052c,11-222 PAVILION,,1985,-0.003274649923
0_00000000000000000533,11-233 CHU CHUA,,1985,-1.73E-04
0_00000000000000000538,11-244 HORSEFLY,,1985,-6.35E-04
0_0000000000000000055c,11-412 SQUAMISH,,1985,-0.004117125296
0_00000000000000000570,11-621 KAMLOOPS,,1985,-0.003777249151
0_000000000000000004bd,11-001 CHEMAINUS,,1985,-0.005601585474
0_000000000000000004c1,11-005 KUSKONOOK,,1985,0.003933769857
0_000000000000000004c5,11-009 PRINCETON,,1985,3.01E-04
0_000000000000000004d5,11-027 EVE RIVER,,1985,-0.006178943221
0_000000000000000004ef,11-069 MT MORICE,,1985,-0.0014044564
0_00000000000000000503,11-114 ASH RIVER,,1985,-0.006321645927
0_0000000000000000052a,11-220 LAVINGTON,,1985,1.79E-04
0_0000000000000000052d,11-223 PEMBERTON,,1985,-0.003952549731
0_00000000000000000543,11-282 CRANBERRY,,1985,-0.004555591122
0_0000000000000000054a,11-311 COQUITLAM,,1985,-0.004562148671
0_0000000000000000054b,11-313 DUCK LAKE,,1985,-0.005348045626
0_00000000000000000552,11-335 Dog Creek,,1985,5.04E-04
0_00000000000000000559,11-409 BROOKMERE,,1985,7.14E-05
0_00000000000000000561,11-422 HAT CREEK,,1985,-0.002936698513
0_00000000000000000569,11-514 COURTENAY,,1985,-0.005144276942
0_0000000000000000056a,11-608 PARK RILL,,1985,-0.002391951502
0_000000000000000004c4,11-008 BEAVERDELL,,1985,-0.002278966464
0_000000000000000004ca,11-014 ELSIE LAKE,,1985,-0.006618694312
0_000000000000000004cf,11-019 MABEL LAKE,,1985,-0.002585439407
0_000000000000000004d0,11-020 SALMON ARM,,1985,-0.003381301934
0_000000000000000004d4,11-026 CAMPBELL R,,1985,-0.005984047738
0_000000000000000004d6,11-028 PORT HARDY,,1985,-0.004990944505
0_000000000000000004dc,11-034 MEADOWLAKE,,1985,0.003641537628
0_000000000000000004e9,11-057 KENNEY DAM,,1985,0.004037425639
0_000000000000000004f8,11-082 NASS RIVER,,1985,-0.005502142651
0_000000000000000004fe,11-102 Fairy Lake,,1985,-0.00437225777
0_00000000000000000506,11-118 BEAVERFOOT,,1985,0.003162099937
0_0000000000000000050e,11-137 PENNINGTON,,1985,-0.003282613328
0_00000000000000000510,11-150 GOLD RIVER,,1985,-0.006254351517
0_00000000000000000519,11-200 MORESBY IS,,1985,-0.00401510283
0_00000000000000000520,11-208 SUMMERLAND,,1985,-0.003490544128
0_00000000000000000522,11-210 CHILLIWACK,,1985,-0.004028375084
0_00000000000000000524,11-212 POINT GREY,,1985,-0.003528775185
0_00000000000000000532,11-232 ADAMS LAKE,,1985,-0.004188875637
0_00000000000000000537,11-237 TATLA LAKE,,1985,-0.002965872337
0_0000000000000000053a,11-248 NIMPO LAKE,,1985,9.75E-04
0_0000000000000000054c,11-316 WINDERMERE,,1985,-0.002832613186
0_0000000000000000055e,11-414 COMOX LAKE,,1985,-0.005116650889
0_00000000000000000563,11-426 QUADRA IS.,,1985,-0.006291395099
0_0000000000000000056c,11-611 Barrowtown,,1985,-0.003549343415
0_00000000000000000575,11-900 SYRINGA CR,,1985,-0.00311498324
0_000000000000000004bf,11-003 BORDER ROAD,,1985,0.00142286108
0_000000000000000004cc,11-016 COLUMBIA LK,,1985,-0.0037192803
0_000000000000000004db,11-033 Bridge Lake,,1985,0.004037769432
0_000000000000000004dd,11-036 CARDIFF MTN,,1985,0.00242692553
0_000000000000000004de,11-037 TATLAYOKO L,,1985,-0.003801878042
0_000000000000000004e2,11-045 WILLIAMS LK,,1985,0.003996442091
0_000000000000000004e5,11-049 BELLA COOLA,,1985,-0.005091350897
0_000000000000000004ec,11-065 MCLEOD LAKE,,1985,0.004818721488
0_000000000000000004ed,11-067 FRASER LAKE,,1985,0.004642046796
0_0000000000000000050b,11-133 Eaganbridge,,1985,0.004307162922
0_00000000000000000512,11-167 Ormond Lake,,1985,0.004500977067
0_00000000000000000515,11-181 Glen Vowell,,1985,-0.004578893193
0_0000000000000000051f,11-207 GRAND FORKS,,1985,-0.003754579664
0_00000000000000000525,11-213 SALTERY BAY,,1985,-0.00466849636
0_00000000000000000527,11-216 CANAL FLATS,,1985,1.94E-04
0_0000000000000000052e,11-226 STELLA LAKE,,1985,-0.006575063611
0_0000000000000000052f,11-228 VICTORIA LK,,1985,-0.005868670887
0_00000000000000000535,11-235 RISKE CREEK,,1985,0.004079693071
0_00000000000000000539,11-245 MELDRUM CR.,,1985,-0.003227657663
0_0000000000000000053e,11-265 SUMMIT LAKE,,1985,0.003914246225
0_0000000000000000053f,11-267 Pinchi Lake,,1985,0.003084980516
0_00000000000000000541,11-271 KITSUMKALUM,,1985,-0.007149383929
0_0000000000000000054d,11-317 DUNCAN LAKE,,1985,-0.003328272999
0_0000000000000000054e,11-323 PEM MEADOWS,,1985,-0.004183276002
0_0000000000000000055b,11-411 Maple Ridge,,1985,-0.003965384291
0_0000000000000000055d,11-413 NANAIMO RIV,,1985,-0.005004556226
0_0000000000000000055f,11-419 CREIGHTON V,,1985,-0.001015388373
0_00000000000000000560,11-420 CANOE POINT,,1985,-0.003313255923
0_00000000000000000562,11-423 DUFFEY LAKE,,1985,-0.003536205984
0_00000000000000000564,11-430 SUCCOUR CR.,,1985,-0.005634751075
0_00000000000000000567,11-511 Skookumchuk,,1985,-0.005002297361
0_00000000000000000572,11-709 OSPREY LAKE,,1985,0.001877830845
0_0000000000000000042a,04-105 WATERTON PRK,,1985,0.002334404618
0_000000000000000004be,11-002 PORT RENFREW,,1985,-0.004719526449
0_000000000000000004c8,11-012 SUNSHINE CST,,1985,-0.004466735982
0_000000000000000004d8,11-030 ESPLANADE RG,,1985,-0.004802281186
0_000000000000000004d9,11-031 GOLDSTREAM R,,1985,-0.00481808209
0_000000000000000004da,11-032 SCOTCH CREEK,,1985,-0.002367379372
0_000000000000000004e0,11-043 HENDRIX LAKE,,1985,0.00181310521
0_000000000000000004e1,11-044 KEITHLEY CR.,,1985,1.63E-04
0_000000000000000004e3,11-046 ALEXIS CREEK,,1985,0.004163054928
0_000000000000000004e4,11-048 HECKMAN PASS,,1985,0.00320792103
0_000000000000000004ee,11-068 PINKUT CREEK,,1985,0.004299171404
0_000000000000000004f4,11-075 WILLISTON LK,,1985,0.00500422383
0_00000000000000000509,11-131 Big Bend Hwy,,1985,-0.004997571107
0_0000000000000000050f,11-139 CHILKAT PASS,,1985,-0.003028257223
0_00000000000000000511,11-153 FRASER RIVER,,1985,0.003492038282
0_00000000000000000523,11-211 PITT MEADOWS,,1985,-0.004761429427
0_00000000000000000526,11-214 WICKANINNISH,,1985,-0.006492861654
0_0000000000000000052b,11-221 PLEASANT VAL,,1985,-0.003818005281
0_00000000000000000531,11-230 ILLECILEWAET,,1985,-0.003478445293
0_00000000000000000534,11-234 LAC LA HACHE,,1985,0.003015813679
0_0000000000000000053b,11-254 SUGARBOWL MT,,1985,0.0032721835
0_00000000000000000540,11-270 TELKWA HI RD,,1985,-0.004273863411
0_00000000000000000547,11-304 Premier Lake,,1985,-0.004611455729
0_00000000000000000555,11-401 SALT SPR. IS,,1985,-0.005384865547
0_00000000000000000556,11-402 COWICHAN LK.,,1985,-0.004397629939
0_00000000000000000557,11-407 CHRISTIAN VL,,1985,-0.001014424901
0_00000000000000000574,11-721 LOWER NICOLA,,1985,-0.00377954658
0_000000000000000004cd,11-017 SPILLIMACHEEN,,1985,-0.003420064351
0_000000000000000004f6,11-079 Kwanika Creek,,1985,0.003647674214
0_000000000000000004f9,11-083 Gitwinksihlkw,,1985,-0.005815847826
0_000000000000000004ff,11-106 Kinaskan Lake,,1985,0.002545355514
0_00000000000000000508,11-126 CAMPBELL LAKE,,1985,-0.005797233079
0_00000000000000000518,11-199 Rennell Sound,,1985,-0.003475443624
0_00000000000000000528,11-217 TOBY CREEK RD,,1985,0.001717778661
0_00000000000000000536,11-236 FLETCHER LAKE,,1985,0.00332529035
0_0000000000000000053c,11-255 PRINCE GEORGE,,1985,0.00406457704
0_00000000000000000545,11-299 Port Clements,,1985,-0.004070179572
0_00000000000000000548,11-309 UPPER ASHNOLA,,1985,4.08E-04
0_00000000000000000550,11-328 Nahwitti Lake,,1985,-0.004658185107
0_00000000000000000553,11-339 HAINES SUMMIT,,1985,-0.00308435869
0_00000000000000000568,11-513 Texada Island,,1985,-0.00660204413
0_00000000000000000546,11-300 Skidegate Lake,,1985,-0.003932230458
0_0000000000000000056d,11-612 SQUAMISH RIVER,,1985,-0.004387786176
0_0000000000000000056f,11-614 Mt. Washington,,1985,-0.005029376076
0_00000000000000000571,11-622 BOTANIE VALLEY,,1985,-0.002475429159
0_00000000000000000530,11-229 BLAEBERRY RIVER,,1985,-0.002414430217
0_0000000000000000055a,11-410 CHILLIWACK LAKE,,1985,-0.002644478667
0_000000000000000004f5,11-078 GERMANSEN LANDING,,1985,0.003883888727
0_00000000000000000549,11-310 Silver Skagit Road,,1985,-0.003238217614
1_000000000000000011a9,BLY,69060,2000,0.00481474092
1_00000000000000000c3c,ALMO,33226,2000,0.0100456227
1_00000000000000000228,EWAN,89039,2000,0.01368562129
1_00000000000000000f37,GLEN,53137,2000,0.008521237729
1_00000000000000000c2a,JOEL,33204,2000,0.01004539433
1_00000000000000000f35,LIMA,53097,2000,0.007110920666
1_00000000000000000250,MESA,89082,2000,0.004526600016
1_000000000000000011b6,ROME,69164,2000,0.003736886396
1_000000000000000011cf,RUCH,69226,2000,-9.49E-05
1_00000000000000001195,SCIO,69034,2000,-0.006565903281
1_00000000000000000f23,SULA,53036,2000,0.006514549959
1_000000000000000011bd,TROY,69207,2000,0.007225442322
1_00000000000000001194,ADAIR,69033,2000,0.01123353156
1_0000000000000000117d,ALBEE,69006,2000,0.008494346373
1_00000000000000000f0e,ARLEE,53015,2000,0.01142658173
1_00000000000000000c0e,AVERY,33003,2000,0.006243755289
1_00000000000000000c14,BAKER,33010,2000,0.008035232384
1_00000000000000000c38,BATES,33222,2000,0.007929399388
1_0000000000000000021a,CAMAS,89024,2000,-7.95E-05
1_000000000000000011b8,CANBY,69202,2000,-1.84E-04
1_00000000000000000c36,CAREY,33220,2000,0.00561135272
1_000000000000000011bb,CECIL,69205,2000,0.003863512194
1_000000000000000011cc,CRANE,69223,2000,0.006838671587
1_0000000000000000118f,DERBY,69027,2000,0.007936954847
1_0000000000000000117e,FLORA,69007,2000,0.008874027268
1_000000000000000011c7,GREEN,69218,2000,0.003549929539
1_00000000000000000247,INDEX,89073,2000,0.004563280176
1_00000000000000000314,MOOSE,92036,2000,0.009941901146
1_00000000000000000f36,NOXON,53101,2000,0.008769598272
1_00000000000000000c1e,RIRIE,33022,2000,0.01133495566
1_000000000000000011da,SALEM,69237,2000,0.005139100938
1_000000000000000011e7,SELMA,69250,2000,0.00160195928
1_0000000000000000020a,TWISP,89005,2000,0.01259128896
1_000000000000000011c4,UNITY,69214,2000,0.006435145233
1_000000000000000011a5,ADRIAN,69056,2000,0.004839335073
1_00000000000000000322,ALPINE,92051,2000,0.008109275026
1_00000000000000000219,ASOTIN,89023,2000,0.01155549127
1_00000000000000000c2e,COBALT,33209,2000,0.006868591792
1_00000000000000000c23,COOLIN,33029,2000,0.01051549832
1_00000000000000000214,COUGAR,89018,2000,-0.003338633081
1_00000000000000000233,CURLEW,89051,2000,0.00905456756
1_00000000000000000222,CUSICK,89032,2000,0.01062656897
1_00000000000000001198,DAYTON,69040,2000,0.008295377416
1_00000000000000000a87,DORRIS,14166,2000,-0.004392340706
1_00000000000000000c18,DUBOIS,33015,2000,0.00804835251
1_000000000000000011a0,ELKTON,69050,2000,-0.00214568865
1_00000000000000000c13,GOLDEN,33008,2000,0.007847807771
1_00000000000000000229,ILWACO,89040,2000,0.005268383194
1_0000000000000000117f,IMNAHA,69008,2000,0.009090288186
1_00000000000000001196,JOSEPH,69035,2000,0.007183113814
1_0000000000000000020c,KELLER,89007,2000,0.007243823785
1_000000000000000011e0,LORANE,69243,2000,-2.57E-04
1_000000000000000011c1,MADRAS,69211,2000,0.006634949421
1_0000000000000000023a,MALDEN,89058,2000,0.01075522372
1_00000000000000000242,MAZAMA,89068,2000,0.009197533762
1_00000000000000000217,MERCER,89021,2000,0.004140899933
1_00000000000000000c0c,NAPLES,33001,2000,0.009249653672
1_000000000000000011c2,OCHOCO,69212,2000,0.006708230682
1_0000000000000000024a,ODESSA,89076,2000,0.008830623338
1_00000000000000000206,OZETTE,89001,2000,-0.01326945695
1_0000000000000000024c,PE ELL,89078,2000,-0.003712096896
1_00000000000000000c35,PICABO,33219,2000,0.007301228164
1_00000000000000000c2b,PIERCE,33205,2000,0.006102056922
1_00000000000000000f0d,POLSON,53014,2000,0.01449567386
1_00000000000000000226,QUINCY,89037,2000,0.009941369251
1_00000000000000000224,RONALD,89035,2000,0.007849450042
1_00000000000000001180,SALADO,69009,2000,-0.00883749141
1_00000000000000001197,SPARTA,69038,2000,0.006538206842
1_00000000000000001179,TIMBER,69001,2000,0.003115156631
1_00000000000000001186,UMPQUA,69018,2000,0.01312394111
1_0000000000000000025e,VERLOT,89904,2000,2.14E-04
1_00000000000000000f3a,VICTOR,53901,2000,0.008059203444
1_00000000000000000216,WAPATO,89020,2000,0.004984213884
1_00000000000000000227,WILBUR,89038,2000,0.01215085174
1_00000000000000000323,WILSON,92052,2000,0.006775839338
1_0000000000000000024f,YAKIMA,89081,2000,0.01172825493
1_00000000000000000c21,ACEQUIA,33026,2000,0.006049763149
1_00000000000000000f0f,AUGUSTA,53016,2000,0.01473593649
1_00000000000000001192,BLITZEN,69030,2000,0.005818241678
1_00000000000000000f1b,BOULDER,53028,2000,0.01156084868
1_00000000000000000f3d,BRADMAN,53904,2000,0.01083319477
1_00000000000000000231,CARLTON,89049,2000,0.007238021141
1_00000000000000000c16,CHALLIS,33013,2000,0.006464886994
1_00000000000000000f19,CLINTON,53026,2000,0.007606377783
1_00000000000000000218,CONNELL,89022,2000,0.005277848012
1_00000000000000000c1c,CRATERS,33020,2000,0.008366785773
1_0000000000000000118c,CROWLEY,69024,2000,0.00556151291
1_00000000000000000223,EVERETT,89034,2000,-0.006763579572
1_00000000000000000c0f,GIFFORD,33004,2000,0.01176432237
1_0000000000000000021e,GLACIER,89028,2000,0.001404266107
1_000000000000000011af,GLASGOW,69117,2000,-6.41E-04
1_0000000000000000119f,GRANITE,69049,2000,0.007690295321
1_0000000000000000021d,KENDALL,89027,2000,-0.004814874457
1_00000000000000000244,LAURIER,89070,2000,0.008963360087
1_00000000000000000c17,LEADORE,33014,2000,0.005650827447
1_00000000000000001183,LOGDELL,69013,2000,0.006889727682
1_00000000000000000a89,MACDOEL,14168,2000,-0.004157608354
1_00000000000000000310,MAMMOTH,92030,2000,0.01050410097
1_00000000000000000264,MCCHORD,89910,2000,-0.00579226309
1_0000000000000000022b,MENDOTA,89042,2000,-0.005178819524
1_000000000000000011d1,MERRILL,69228,2000,0.007534332491
1_000000000000000011ba,MIKKALO,69204,2000,0.006024481779
1_00000000000000000c0d,MIVODEN,33002,2000,0.006458214692
1_000000000000000011ef,MOLALLA,69901,2000,0.006275018133
1_0000000000000000119a,MT HOOD,69043,2000,0.005875181556
1_00000000000000001191,PAISLEY,69029,2000,0.006854079643
1_0000000000000000023f,POMEROY,89065,2000,0.01024913307
1_00000000000000000c3e,PRESTON,33228,2000,0.00944689808
1_0000000000000000024d,RAINIER,89079,2000,0.007112396182
1_0000000000000000023b,RAYMOND,89059,2000,-0.007719264109
1_00000000000000000212,REARDAN,89016,2000,0.009185207816
1_00000000000000000215,RIMROCK,89019,2000,0.006849918793
1_000000000000000011f1,SANTIAM,69903,2000,-1.98E-04
1_000000000000000011e5,SILVIES,69248,2000,0.006518926022
1_000000000000000011db,SISTERS,69238,2000,0.008920497448
1_0000000000000000021b,SNOWDEN,89025,2000,0.004975988877
1_00000000000000000f02,ST MARY,53003,2000,0.01125882817
1_00000000000000000258,SULPHUR,89164,2000,0.005231075181
1_00000000000000000c31,SUNBEAM,33213,2000,0.006797265639
1_0000000000000000020e,TAHOLAH,89009,2000,-0.01135005607
1_00000000000000001184,WICKIUP,69014,2000,0.007050891082
1_00000000000000000f18,WOODMAN,53025,2000,0.009426019183
1_000000000000000011f3,ZUMWALT,69905,2000,0.008106241048
1_00000000000000000240,BAY VIEW,89066,2000,0.005490843136
1_0000000000000000020b,BREWSTER,89006,2000,0.01277598514
1_0000000000000000118b,BUCHANAN,69023,2000,0.006028992898
1_00000000000000000c2d,BURGDORF,33208,2000,0.008808624981
1_00000000000000000c25,CABARTON,33111,2000,0.005736975402
1_00000000000000000f25,CHESTNUT,53039,2000,0.009244564656
1_0000000000000000020d,CHEWELAH,89008,2000,0.007501662757
1_000000000000000011c6,COQUILLE,69217,2000,-0.009345199614
1_000000000000000011e4,DONNELLY,69247,2000,0.006889043145
1_000000000000000011a2,ELK LAKE,69052,2000,0.006593111783
1_00000000000000000f1a,ELLISTON,53027,2000,0.01048858716
1_00000000000000001199,GARFIELD,69041,2000,-2.36E-04
1_00000000000000000238,HARTLINE,89056,2000,0.012895415
1_00000000000000000f11,HIGHWOOD,53018,2000,0.01388052649
1_0000000000000000020f,KAMILCHE,89010,2000,-0.004258256234
1_00000000000000000239,KEYSTONE,89057,2000,0.01169123795
1_000000000000000011ea,LAKEVIEW,69253,2000,0.008527853244
1_0000000000000000119b,MONTAGUE,69044,2000,0.00458326221
1_000000000000000011dd,MONUMENT,69240,2000,0.009018537492
1_00000000000000000c37,MUD LAKE,33221,2000,0.008542429516
1_00000000000000000246,MUKILTEO,89072,2000,-0.003452711633
1_00000000000000000209,NEWHALEM,89004,2000,-0.001831938337
1_00000000000000000c10,NEZPERCE,33005,2000,0.007990430644
1_00000000000000000f2f,NINEMILE,53064,2000,0.007873772575
1_0000000000000000022c,PACKWOOD,89043,2000,0.00409541579
1_0000000000000000023e,POTHOLES,89063,2000,0.01255488871
1_0000000000000000022e,PRESCOTT,89046,2000,0.01217050143
1_000000000000000011e8,PROSPECT,69251,2000,0.00497148395
1_00000000000000000f2d,RED ROCK,53047,2000,0.007546391409
1_00000000000000000f32,SKALKAHO,53076,2000,0.007641566535
1_00000000000000000c19,SQUIRREL,33016,2000,0.007763433843
1_00000000000000000f0c,ST REGIS,53013,2000,0.006909330579
1_00000000000000000220,TONASKET,89030,2000,0.01153889128
1_00000000000000000c1f,TRIANGLE,33023,2000,0.005947825788
1_0000000000000000117a,TUALATIN,69002,2000,-0.01063304651
1_000000000000000011ad,UMATILLA,69105,2000,-0.002425412751
1_000000000000000011bf,WALDPORT,69209,2000,-0.007398709703
1_00000000000000001187,WINBERRY,69019,2000,-0.002703749665
1_0000000000000000021f,WINTHROP,89029,2000,0.009841691341
1_000000000000000011c3,BARNHOUSE,69213,2000,0.007328335841
1_0000000000000000021c,BICKLETON,89026,2000,0.004866616464
1_00000000000000000c15,CAPE HORN,33012,2000,0.007579994828
1_00000000000000000253,CARNATION,89111,2000,-0.0079100974
1_000000000000000011e9,CHINCHALO,69252,2000,0.007154701279
1_00000000000000001181,COOL CAMP,69010,2000,0.006375839548
1_0000000000000000025f,DECEPTION,89905,2000,0.009195803423
1_0000000000000000024b,DEER PARK,89077,2000,0.01012590494
1_00000000000000001182,DESCHUTES,69011,2000,0.009361787908
1_0000000000000000119c,EIGHTMILE,69045,2000,0.00831754466
1_000000000000000011ab,FISH LAKE,69062,2000,0.006291774199
1_000000000000000011e1,FISH LAKE,69244,2000,0.005216312261
1_00000000000000000f3e,GREENOUGH,53905,2000,0.009698432277
1_000000000000000011ae,HASH ROCK,69112,2000,0.008056383162
1_00000000000000000ade,IRON GATE,14900,2000,0.003319864581
1_00000000000000000f01,KALISPELL,53002,2000,0.01547661348
1_00000000000000000f00,LIBBY DAM,53001,2000,0.009940726842
1_00000000000000000c11,LOLO PASS,33006,2000,0.005815931621
1_0000000000000000117c,LONE ROCK,69004,2000,0.007771809944
1_00000000000000000c20,MAGIC MTN,33025,2000,0.01038061131
1_00000000000000000255,MONTESAND,89133,2000,-0.006013748039
1_0000000000000000024e,MT. ADAMS,89080,2000,0.006078289593
1_000000000000000011c5,NEWBRIDGE,69215,2000,0.006834763567
1_00000000000000000232,NIGHTHAWK,89050,2000,0.008411650171
1_00000000000000000245,NORTHPORT,89071,2000,0.007966520928
1_0000000000000000119d,PENDLETON,69046,2000,0.0143459846
1_00000000000000000c22,POCATELLO,33027,2000,0.009303978846
1_000000000000000011f2,SCAPPOOSE,69904,2000,-0.007501026756
1_000000000000000011e6,SHEAVILLE,69249,2000,0.006455521665
1_0000000000000000117b,SHELLROCK,69003,2000,0.007095237368
1_000000000000000011b1,SUMMIT PR,69136,2000,0.007440102406
1_0000000000000000118a,WAGONTIRE,69022,2000,0.005184659016
1_00000000000000000259,WAITSBURG,89183,2000,0.01524833988
1_000000000000000011ac,BATTLE MTN,69063,2000,0.004331640733
1_00000000000000000f2c,BEAVERHEAD,53046,2000,0.007766114758
1_000000000000000011d7,BLACK MTN.,69234,2000,0.007734103632
1_000000000000000011c0,BLUE RIVER,69210,2000,0.005157303171
1_00000000000000001185,BRIDGEPORT,69015,2000,0.007264530865
1_000000000000000011d4,CATLOW RIM,69231,2000,0.00623294581
1_00000000000000000c3b,CEDAR HILL,33225,2000,0.008140155224
1_000000000000000011a1,CLEARWATER,69051,2000,0.004714155141
1_00000000000000000252,CLOVERLAND,89084,2000,0.009094137894
1_000000000000000002ff,COLTER BAY,92008,2000,0.008916985635
1_0000000000000000118e,DAYS CREEK,69026,2000,0.006807516257
1_000000000000000011de,DESOLATION,69241,2000,0.007228158004
1_000000000000000011dc,DONNYBROOK,69239,2000,0.006121732457
1_00000000000000000c39,DOUGAL RES,33223,2000,0.005937881746
1_0000000000000000022d,ELLENSBURG,89044,2000,0.01077977955
1_00000000000000000f31,FISH CREEK,53075,2000,0.008773232706
1_00000000000000000211,HARRINGTON,89015,2000,0.01229133358
1_000000000000000011a6,HAZEL CAMP,69057,2000,1.63E-04
1_00000000000000000c3a,HOT SPRING,33224,2000,0.003142159537
1_00000000000000000f39,LOGAN PASS,53900,2000,0.008070662233
1_00000000000000000210,MOSES LAKE,89014,2000,0.01064480975
1_0000000000000000023d,MT RAINIER,89061,2000,0.002538046976
1_00000000000000000243,OMAK CREEK,89069,2000,0.01052771341
1_00000000000000000f30,PABLO RES.,53074,2000,0.009869539329
1_000000000000000011f0,RILEY PEAK,69902,2000,0.005619787835
1_000000000000000011a7,SECRET VAL,69058,2000,0.003119269396
1_0000000000000000022a,SOUTH ELMA,89041,2000,-0.005483088367
1_00000000000000000221,TWIN LAKES,89031,2000,0.007578435131
1_00000000000000000261,VASHON IS.,89907,2000,-0.005305636932
1_00000000000000000208,WARM BEACH,89003,2000,0.009512976774
1_0000000000000000118d,WEDDERBURN,69025,2000,-0.01072900304
1_00000000000000000f34,WISE RIVER,53087,2000,0.007283794452
1_00000000000000001193,ALVORD LAKE,69031,2000,0.004847489093
1_00000000000000000c28,BLACKFT RES,33128,2000,0.00976830383
1_00000000000000000213,BUNKER HILL,89017,2000,-0.004129851899
1_0000000000000000025c,CASCADE RIV,89902,2000,2.00E-04
1_00000000000000000236,CEDAR FALLS,89054,2000,-0.003127847377
1_00000000000000000c1b,CENTERVILLE,33018,2000,0.00711948974
1_00000000000000000c42,CIRCULAR BU,33904,2000,0.005133479099
1_00000000000000000c2f,CRANE CREEK,33211,2000,0.00816787377
1_00000000000000000c3d,DANIELS RES,33227,2000,0.008016583394
1_00000000000000000a86,DAVIS CREEK,14165,2000,0.007767470339
1_00000000000000001188,DELL SPRING,69020,2000,0.007175010487
1_000000000000000011d8,EAGLE CREEK,69235,2000,0.007241366401
1_00000000000000000257,ECKLER MTN.,89147,2000,0.009843950087
1_000000000000000011a8,EMIGRANT LK,69059,2000,-0.003172772207
1_00000000000000000c12,GRANGEVILLE,33007,2000,0.007654517231
1_00000000000000000f10,GREAT FALLS,53017,2000,0.01374342161
1_000000000000000011cb,HARNEY LAKE,69222,2000,0.00565641766
1_00000000000000000f38,INSIDE ROAD,53800,2000,0.01005512184
1_00000000000000000150,JOHNSON CAN,85102,2000,0.007733933897
1_00000000000000000c41,KYLE CANYON,33903,2000,0.005634239919
1_00000000000000000254,LAKE CHELAN,89113,2000,0.01225127839
1_000000000000000011b2,LAPHAM RES.,69139,2000,0.007208506388
1_00000000000000000225,LEAVENWORTH,89036,2000,0.007688770421
1_000000000000000011b5,MALHEUR NWR,69155,2000,0.007139222719
1_000000000000000011d6,MCMINNVILLE,69233,2000,0.008855393088
1_00000000000000001190,MODOC POINT,69028,2000,-0.006726691277
1_00000000000000000c24,NEZPERCE NF,33109,2000,0.008108315709
1_0000000000000000025d,NO CASCADES,89903,2000,0.004398896212
1_000000000000000011cd,QUARTZ MTN.,69224,2000,0.004892826681
1_000000000000000011b0,SAMS VALLEY,69127,2000,0.005829896087
1_000000000000000011ee,SANDY RIVER,69900,2000,-0.007068238423
1_00000000000000000c33,SILVER CITY,33217,2000,0.006080532567
1_0000000000000000022f,SPRING LAKE,89047,2000,0.01091034519
1_00000000000000000c1d,SPRINGFIELD,33021,2000,0.009768110037
1_00000000000000000234,SULLIVAN LK,89052,2000,0.008759328989
1_000000000000000011ed,THREE FORKS,69256,2000,0.004949902814
1_000000000000000011ec,TROUT CREEK,69255,2000,0.004842859247
1_00000000000000000c3f,TWIN BUTTES,33901,2000,0.005491857073
1_00000000000000000251,WALLA WALLA,89083,2000,0.01070544977
1_000000000000000011c8,WARNER MTN.,69219,2000,0.004740954739
1_00000000000000000230,WHITE CHUCK,89048,2000,0.00390705328
1_00000000000000000c30,YELLOW PINE,33212,2000,0.007544557502
1_0000000000000000025b,ARID LAND ER,89901,2000,-2.82E-04
1_000000000000000011b9,BADGER CREEK,69203,2000,0.009736486461
1_00000000000000000c1a,BLACKS CREEK,33017,2000,0.004332728021
1_00000000000000000237,BLEWETT PASS,89055,2000,0.008267761071
1_000000000000000011aa,BLIZZARD GAP,69061,2000,-0.006033349841
1_000000000000000011d5,BOWDEN HILLS,69232,2000,0.003042426504
1_00000000000000000336,BUCKSKIN MTN,92072,2000,0.006631975291
1_00000000000000000256,COLUMBIA NWR,89145,2000,0.005895995748
1_00000000000000000f3c,CRAMER CREEK,53903,2000,0.009508989971
1_000000000000000009f9,CRESCENT CTY,14004,2000,0.008420501941
1_000000000000000011e3,CROOKED RIV.,69246,2000,0.006348666393
1_00000000000000000197,E. BEAR LAKE,85904,2000,0.007845728713
1_00000000000000000263,E. MT. ADAMS,89909,2000,0.009062774861
1_00000000000000000f3f,ELEVATION MT,53906,2000,0.01020146419
1_00000000000000001189,FANDANGO CAN,69021,2000,0.01178215275
1_00000000000000000c34,FEATHERVILLE,33218,2000,0.007876774327
1_0000000000000000025a,HANFORD SITE,89900,2000,9.97E-04
1_000000000000000011be,HELLS CANYON,69208,2000,0.00414321887
1_000000000000000011bc,HOWARD MDWS.,69206,2000,0.007745960218
1_00000000000000000235,HURRICANE RG,89053,2000,-0.00242660581
1_00000000000000000c32,IRON SPRINGS,33214,2000,0.006318533976
1_000000000000000011d9,KLICKITAT MT,69236,2000,-0.00395356392
1_00000000000000000262,L PEND O NWR,89908,2000,0.008872795837
1_00000000000000000248,L. WENATCHEE,89074,2000,0.008685897422
1_00000000000000000199,LOGAN CANYON,85906,2000,0.007018745573
1_000000000000000011df,MALHEUR RES.,69242,2000,0.007273453007
1_00000000000000000c29,MARBLE CREEK,33202,2000,0.008559104971
1_00000000000000000249,MOSES COULEE,89075,2000,0.01155407249
1_0000000000000000119e,MOUNT VERNON,69048,2000,0.007779134479
1_0000000000000000023c,MT ST HELENS,89060,2000,0.003217743118
1_000000000000000011ce,MYRTLE GROVE,69225,2000,-0.001827840237
1_00000000000000000c44,N FORK CDA R,33906,2000,0.007303817605
1_000000000000000011b3,NICOLAI MTN.,69142,2000,-0.002556200224
1_00000000000000000f33,PAINTED ROCK,53086,2000,0.006532866729
1_00000000000000000c27,PASADENA VAL,33124,2000,0.006018693471
1_000000000000000011d2,PICTURE FLAT,69229,2000,0.006638725529
1_00000000000000000207,PORT ANGELES,89002,2000,-0.006566109337
1_00000000000000000c45,ROCHAT DIVDE,33907,2000,0.00949968574
1_00000000000000000c2c,SALMON RIVER,33207,2000,0.007745752855
1_00000000000000000c26,SAWTOOTH CTY,33119,2000,0.007616203082
1_000000000000000011a4,SILVER CREEK,69054,2000,0.007777263057
1_00000000000000000241,SUIATTLE RIV,89067,2000,-0.002739885125
1_00000000000000000f2e,THOMPSON RIV,53063,2000,0.01005713949
1_00000000000000000f3b,THREEMILE WA,53902,2000,0.008203767033
1_00000000000000000c43,TRACTOR FLAT,33905,2000,0.006645975122
1_000000000000000011b7,TRASK SUMMIT,69201,2000,0.00123207411
1_00000000000000000260,TURNBULL NWR,89906,2000,0.006357667419
1_00000000000000000f96,VIRGIN CREEK,55907,2000,0.003213586365
1_000000000000000011d0,WHISKEY SPG.,69227,2000,0.004602611119
1_00000000000000000f24,WILLOW CREEK,53038,2000,0.01421149257
1_000000000000000011b4,WIZARD FALLS,69147,2000,0.01021980251
1_0000000000000000037f,CRAIG,,2000,-0.007454987397
1_00000000000000000392,HYDER,,2000,-0.009854640847
1_000000000000000003c9,SITKA,,2000,-0.007630661846
1_0000000000000000038b,HAINES,,2000,-0.00661542226
1_00000000000000000390,HOONAH,,2000,-0.008821116197
1_00000000000000000393,JUNEAU,,2000,0.006197003659
1_000000000000000003ca,SKAGWAY,,2000,-0.006848089926
1_000000000000000003df,YAKUTAT,,2000,-0.007184893475
1_000000000000000003e0,ZAREMBO,,2000,-0.01075768835
1_0000000000000000039d,KETCHIKAN,,2000,-0.008988651115
1_00000000000000000513,11-171 ???,,2000,-0.0117716189
1_00000000000000000394,JUNEAU ALT,,2000,0.01034663315
1_000000000000000003bc,PETERSBURG,,2000,-0.008124126394
1_000000000000000003d5,THORNE BAY,,2000,-0.007435167568
1_000000000000000003dd,WHALE PASS,,2000,-0.009153732848
1_0000000000000000051c,11-204 WASA,,2000,0.01190717073
1_000000000000000003a5,KUIU ISLAND,,2000,-0.008539596427
1_000000000000000003af,MITKOF ISLE,,2000,-0.008913354075
1_000000000000000004c0,11-004 TOKAY,,2000,0.012368434
1_000000000000000004c2,11-006 SALMO,,2000,0.007620216472
1_00000000000000000373,CHICHAGOF IS,,2000,-0.00346879183
1_0000000000000000038d,HARLEQUIN L.,,2000,0.008103682003
1_000000000000000003e1,ZIMOVIA STRT,,2000,-0.009456401525
1_000000000000000004c7,11-011 ALBION,,2000,-0.0072333509
1_000000000000000004d1,11-021 NICOLA,,2000,0.009512424809
1_000000000000000004d7,11-029 GOLDEN,,2000,0.008260084063
1_0000000000000000051b,11-202 NITNAT,,2000,-0.00720191092
1_0000000000000000051e,11-206 SLOCAN,,2000,0.007509518065
1_00000000000000000558,11-408 OLIVER,,2000,0.00871952205
1_00000000000000000565,11-454 BOWRON,,2000,0.009665642565
1_0000000000000000056e,11-613 COOMBS,,2000,-0.01059646515
1_000000000000000003cf,STIKINE RIVER,,2000,-0.009951569133
1_0000000000000000045a,04-205 COLEMAN,,2000,0.008485590691
1_000000000000000004c3,11-007 NEEDLES,,2000,0.01106879599
1_000000000000000004c6,11-010 SEABIRD,,2000,0.01034025842
1_000000000000000004c9,11-013 ALBERNI,,2000,-0.004411380221
1_000000000000000004cb,11-015 ELKFORD,,2000,0.0100405506
1_000000000000000004ce,11-018 ZINCTON,,2000,0.009534239552
1_000000000000000004d2,11-022 CANFORD,,2000,-0.007914582833
1_000000000000000004df,11-042 GOSNELL,,2000,0.003220335695
1_000000000000000004e6,11-053 MCBRIDE,,2000,0.006605201891
1_000000000000000004e7,11-054 WINGDAM,,2000,0.007522783275
1_000000000000000004ea,11-058 DUNSTER,,2000,0.008572479758
1_000000000000000004f1,11-071 LAKELSE,,2000,-0.01200773284
1_000000000000000004f7,11-081 KISPIOX,,2000,-0.01012100977
1_000000000000000004fd,11-101 Saltair,,2000,-0.002495608835
1_00000000000000000517,11-198 MASSETT,,2000,-0.008935894078
1_0000000000000000051d,11-205 CRESTON,,2000,0.009328144592
1_00000000000000000521,11-209 ASHNOLA,,2000,0.008479143542
1_00000000000000000529,11-218 GERRARD,,2000,0.009868373624
1_0000000000000000053d,11-256 PUNCHAW,,2000,0.00649168485
1_00000000000000000554,11-371 Kitimat,,2000,-0.0126850574
1_00000000000000000566,11-510 Chaumox,,2000,-0.008482209595
1_0000000000000000056b,11-609 BROMLEY,,2000,0.008416334901
1_00000000000000000573,11-711 Mud Bay,,2000,-0.00198127576
1_00000000000000000937,93-314 KLUKSHU,,2000,-0.006945248537
1_000000000000000003e6,04-005 SENTINEL,,2000,0.009072260016
1_000000000000000004d3,11-023 SHALALTH,,2000,0.008319784962
1_000000000000000004e8,11-055 FERNDALE,,2000,0.01026519852
1_000000000000000004f0,11-070 SMITHERS,,2000,-0.006345631616
1_000000000000000004f2,11-072 KWINITSA,,2000,-0.01467965127
1_000000000000000004fc,11-093 MEZIADIN,,2000,-0.007833179504
1_00000000000000000504,11-116 KOOTENAY,,2000,0.007610201071
1_0000000000000000051a,11-201 VICTORIA,,2000,5.00E-05
1_0000000000000000052c,11-222 PAVILION,,2000,0.008725778239
1_00000000000000000533,11-233 CHU CHUA,,2000,0.01003533387
1_00000000000000000538,11-244 HORSEFLY,,2000,0.009095131608
1_0000000000000000055c,11-412 SQUAMISH,,2000,-0.005966925571
1_00000000000000000570,11-621 KAMLOOPS,,2000,-0.003330073102
1_000000000000000004bd,11-001 CHEMAINUS,,2000,-0.008117307253
1_000000000000000004c1,11-005 KUSKONOOK,,2000,0.009487158878
1_000000000000000004c5,11-009 PRINCETON,,2000,0.007187225592
1_000000000000000004d5,11-027 EVE RIVER,,2000,-0.006669929171
1_000000000000000004ef,11-069 MT MORICE,,2000,-0.005727551471
1_00000000000000000503,11-114 ASH RIVER,,2000,0.01144405247
1_00000000000000000505,11-117 GNAT PASS,,2000,-0.007031806932
1_0000000000000000052a,11-220 LAVINGTON,,2000,0.009308801882
1_0000000000000000052d,11-223 PEMBERTON,,2000,-0.003973159032
1_00000000000000000543,11-282 CRANBERRY,,2000,-0.007036899097
1_0000000000000000054a,11-311 COQUITLAM,,2000,-0.00741800426
1_0000000000000000054b,11-313 DUCK LAKE,,2000,-0.01077675249
1_00000000000000000552,11-335 Dog Creek,,2000,0.009539907835
1_00000000000000000559,11-409 BROOKMERE,,2000,0.008958476417
1_00000000000000000561,11-422 HAT CREEK,,2000,0.001809803191
1_00000000000000000569,11-514 COURTENAY,,2000,-0.00882103854
1_0000000000000000056a,11-608 PARK RILL,,2000,0.009438825975
1_000000000000000004c4,11-008 BEAVERDELL,,2000,0.009861453879
1_000000000000000004ca,11-014 ELSIE LAKE,,2000,0.009040377465
1_000000000000000004cf,11-019 MABEL LAKE,,2000,0.007483652554
1_000000000000000004d0,11-020 SALMON ARM,,2000,2.52E-04
1_000000000000000004d4,11-026 CAMPBELL R,,2000,-0.006861328976
1_000000000000000004d6,11-028 PORT HARDY,,2000,-0.01166429983
1_000000000000000004dc,11-034 MEADOWLAKE,,2000,0.01106447209
1_000000000000000004e9,11-057 KENNEY DAM,,2000,-3.07E-04
1_000000000000000004f8,11-082 NASS RIVER,,2000,-0.01052441988
1_000000000000000004fe,11-102 Fairy Lake,,2000,0.002837575767
1_00000000000000000506,11-118 BEAVERFOOT,,2000,0.009171684172
1_0000000000000000050e,11-137 PENNINGTON,,2000,-0.006490769547
1_00000000000000000510,11-150 GOLD RIVER,,2000,-0.009942475816
1_00000000000000000519,11-200 MORESBY IS,,2000,-0.008229164753
1_00000000000000000520,11-208 SUMMERLAND,,2000,0.008252759907
1_00000000000000000522,11-210 CHILLIWACK,,2000,0.008598253789
1_00000000000000000524,11-212 POINT GREY,,2000,-0.005108637286
1_00000000000000000532,11-232 ADAMS LAKE,,2000,0.006166020508
1_00000000000000000537,11-237 TATLA LAKE,,2000,-0.005575000592
1_0000000000000000053a,11-248 NIMPO LAKE,,2000,-0.01068261955
1_0000000000000000054c,11-316 WINDERMERE,,2000,0.01016024288
1_0000000000000000055e,11-414 COMOX LAKE,,2000,-0.009269459914
1_00000000000000000563,11-426 QUADRA IS.,,2000,-0.007718715141
1_0000000000000000056c,11-611 Barrowtown,,2000,-0.004420119618
1_00000000000000000575,11-900 SYRINGA CR,,2000,0.00792779837
1_000000000000000004bf,11-003 BORDER ROAD,,2000,0.008587719259
1_000000000000000004cc,11-016 COLUMBIA LK,,2000,0.0102208518
1_000000000000000004db,11-033 Bridge Lake,,2000,0.01224968626
1_000000000000000004dd,11-036 CARDIFF MTN,,2000,0.008189905203
1_000000000000000004de,11-037 TATLAYOKO L,,2000,-0.005851826909
1_000000000000000004e2,11-045 WILLIAMS LK,,2000,0.01127151857
1_000000000000000004e5,11-049 BELLA COOLA,,2000,-0.01077106802
1_000000000000000004ec,11-065 MCLEOD LAKE,,2000,0.01168053116
1_000000000000000004ed,11-067 FRASER LAKE,,2000,0.006576833313
1_0000000000000000050b,11-133 Eaganbridge,,2000,0.01223199344
1_00000000000000000512,11-167 Ormond Lake,,2000,0.007730009575
1_00000000000000000515,11-181 Glen Vowell,,2000,-0.01096126628
1_0000000000000000051f,11-207 GRAND FORKS,,2000,0.00949890753
1_00000000000000000525,11-213 SALTERY BAY,,2000,-0.009189085197
1_00000000000000000527,11-216 CANAL FLATS,,2000,0.0105262511
1_0000000000000000052e,11-226 STELLA LAKE,,2000,-0.004090088865
1_0000000000000000052f,11-228 VICTORIA LK,,2000,-0.01213924418
1_00000000000000000535,11-235 RISKE CREEK,,2000,0.009467861454
1_00000000000000000539,11-245 MELDRUM CR.,,2000,0.01076021784
1_0000000000000000053e,11-265 SUMMIT LAKE,,2000,0.009118096014
1_0000000000000000053f,11-267 Pinchi Lake,,2000,0.007231034232
1_00000000000000000541,11-271 KITSUMKALUM,,2000,-0.01491444264
1_0000000000000000054d,11-317 DUNCAN LAKE,,2000,0.009430940935
1_0000000000000000054e,11-323 PEM MEADOWS,,2000,-0.005299717771
1_0000000000000000055b,11-411 Maple Ridge,,2000,-0.006825307889
1_0000000000000000055d,11-413 NANAIMO RIV,,2000,-0.00521952353
1_0000000000000000055f,11-419 CREIGHTON V,,2000,0.008754778917
1_00000000000000000560,11-420 CANOE POINT,,2000,-0.003595090476
1_00000000000000000562,11-423 DUFFEY LAKE,,2000,-0.00329712822
1_00000000000000000564,11-430 SUCCOUR CR.,,2000,0.005278187501
1_00000000000000000567,11-511 Skookumchuk,,2000,-0.005529104926
1_00000000000000000572,11-709 OSPREY LAKE,,2000,0.008240420123
1_0000000000000000042a,04-105 WATERTON PRK,,2000,0.008028736432
1_000000000000000004be,11-002 PORT RENFREW,,2000,-0.008872677664
1_000000000000000004c8,11-012 SUNSHINE CST,,2000,-0.007820457683
1_000000000000000004d8,11-030 ESPLANADE RG,,2000,-0.00157417212
1_000000000000000004d9,11-031 GOLDSTREAM R,,2000,-0.001130635821
1_000000000000000004da,11-032 SCOTCH CREEK,,2000,0.006458267252
1_000000000000000004e0,11-043 HENDRIX LAKE,,2000,0.009244543783
1_000000000000000004e1,11-044 KEITHLEY CR.,,2000,0.004548444114
1_000000000000000004e3,11-046 ALEXIS CREEK,,2000,0.0107647948
1_000000000000000004e4,11-048 HECKMAN PASS,,2000,-0.004567857083
1_000000000000000004ee,11-068 PINKUT CREEK,,2000,0.003990266416
1_000000000000000004f4,11-075 WILLISTON LK,,2000,0.01177839818
1_00000000000000000509,11-131 Big Bend Hwy,,2000,2.39E-05
1_0000000000000000050f,11-139 CHILKAT PASS,,2000,-0.005940460248
1_00000000000000000511,11-153 FRASER RIVER,,2000,0.008562028563
1_00000000000000000523,11-211 PITT MEADOWS,,2000,-0.007811634854
1_00000000000000000526,11-214 WICKANINNISH,,2000,-0.01076587627
1_0000000000000000052b,11-221 PLEASANT VAL,,2000,0.007007524675
1_00000000000000000531,11-230 ILLECILEWAET,,2000,-0.002953113791
1_00000000000000000534,11-234 LAC LA HACHE,,2000,0.01307359452
1_0000000000000000053b,11-254 SUGARBOWL MT,,2000,0.0110634442
1_00000000000000000540,11-270 TELKWA HI RD,,2000,-0.006013047732
1_00000000000000000547,11-304 Premier Lake,,2000,0.01158085438
1_00000000000000000555,11-401 SALT SPR. IS,,2000,-0.01025879632
1_00000000000000000556,11-402 COWICHAN LK.,,2000,-0.00903095466
1_00000000000000000557,11-407 CHRISTIAN VL,,2000,0.01176079923
1_00000000000000000574,11-721 LOWER NICOLA,,2000,0.005009699752
1_000000000000000004cd,11-017 SPILLIMACHEEN,,2000,0.008426352464
1_000000000000000004f6,11-079 Kwanika Creek,,2000,0.006333048327
1_000000000000000004f9,11-083 Gitwinksihlkw,,2000,-0.01194035856
1_000000000000000004ff,11-106 Kinaskan Lake,,2000,0.002142484652
1_00000000000000000508,11-126 CAMPBELL LAKE,,2000,-0.007622717957
1_00000000000000000518,11-199 Rennell Sound,,2000,-0.005087390141
1_00000000000000000528,11-217 TOBY CREEK RD,,2000,0.009031040087
1_00000000000000000536,11-236 FLETCHER LAKE,,2000,0.009400113092
1_0000000000000000053c,11-255 PRINCE GEORGE,,2000,0.009337279093
1_00000000000000000545,11-299 Port Clements,,2000,-0.008138319836
1_00000000000000000548,11-309 UPPER ASHNOLA,,2000,0.007095179167
1_00000000000000000550,11-328 Nahwitti Lake,,2000,-0.01073196967
1_00000000000000000553,11-339 HAINES SUMMIT,,2000,-0.00606154053
1_00000000000000000568,11-513 Texada Island,,2000,-0.01016082136
1_00000000000000000546,11-300 Skidegate Lake,,2000,-0.008248809187
1_0000000000000000056d,11-612 SQUAMISH RIVER,,2000,-0.004345865663
1_0000000000000000056f,11-614 Mt. Washington,,2000,-0.007667783494
1_00000000000000000571,11-622 BOTANIE VALLEY,,2000,0.003280198768
1_00000000000000000530,11-229 BLAEBERRY RIVER,,2000,0.006509369515
1_0000000000000000055a,11-410 CHILLIWACK LAKE,,2000,0.008074869301
1_000000000000000004f5,11-078 GERMANSEN LANDING,,2000,0.008876179881
1_00000000000000000549,11-310 Silver Skagit Road,,2000,0.005239335886